{
  "Total" : {
    "transaction" : "Total",
    "sampleCount" : 1000,
    "errorCount" : 0,
    "errorPct" : 0.0,
    "meanResTime" : 2.083000000000003,
    "medianResTime" : 2.0,
    "minResTime" : 0.0,
    "maxResTime" : 39.0,
    "pct1ResTime" : 4.0,
    "pct2ResTime" : 5.0,
    "pct3ResTime" : 7.0,
    "throughput" : 10.10611419909045,
    "receivedKBytesPerSec" : 49.48443026781202,
    "sentKBytesPerSec" : 1.1349639969681657
  },
  "HTTP Request" : {
    "transaction" : "HTTP Request",
    "sampleCount" : 1000,
    "errorCount" : 0,
    "errorPct" : 0.0,
    "meanResTime" : 2.083000000000003,
    "medianResTime" : 2.0,
    "minResTime" : 0.0,
    "maxResTime" : 39.0,
    "pct1ResTime" : 4.0,
    "pct2ResTime" : 5.0,
    "pct3ResTime" : 7.0,
    "throughput" : 10.10611419909045,
    "receivedKBytesPerSec" : 49.48443026781202,
    "sentKBytesPerSec" : 1.1349639969681657
  }
}